seg,mean_rfcog,sd_rfcog,se_rfcog,n
s,5715.00919704726,142.62013582224898,100.8476651736587,2
s',6886.39204985853,295.045022174337,208.62833593480897,2
